dataset_id,n_studies,n_analyses,review_doi,review_url
CD000028_pub4_data,16,15,10.1002/14651858.CD000028.pub4,https://www.cochranelibrary.com/cdsr/doi/10.1002/14651858.CD000028.pub4/full
CD000143_pub2_data,9,15,10.1002/14651858.CD000143.pub2,https://www.cochranelibrary.com/cdsr/doi/10.1002/14651858.CD000143.pub2/full
CD000219_pub5_data,17,11,10.1002/14651858.CD000219.pub5,https://www.cochranelibrary.com/cdsr/doi/10.1002/14651858.CD000219.pub5/full
CD000478_pub5_data,10,11,10.1002/14651858.CD000478.pub5,https://www.cochranelibrary.com/cdsr/doi/10.1002/14651858.CD000478.pub5/full
CD000547_pub3_data,39,38,10.1002/14651858.CD000547.pub3,https://www.cochranelibrary.com/cdsr/doi/10.1002/14651858.CD000547.pub3/full
CD001072_pub2_data,1,3,10.1002/14651858.CD001072.pub2,https://www.cochranelibrary.com/cdsr/doi/10.1002/14651858.CD001072.pub2/full
CD001155_pub3_data,104,136,10.1002/14651858.CD001155.pub3,https://www.cochranelibrary.com/cdsr/doi/10.1002/14651858.CD001155.pub3/full
CD001321_pub7_data,38,25,10.1002/14651858.CD001321.pub7,https://www.cochranelibrary.com/cdsr/doi/10.1002/14651858.CD001321.pub7/full
CD001396_pub4_data,28,24,10.1002/14651858.CD001396.pub4,https://www.cochranelibrary.com/cdsr/doi/10.1002/14651858.CD001396.pub4/full
CD001431_pub6_data,188,51,10.1002/14651858.CD001431.pub6,https://www.cochranelibrary.com/cdsr/doi/10.1002/14651858.CD001431.pub6/full
CD001533_pub7_data,49,53,10.1002/14651858.CD001533.pub7,https://www.cochranelibrary.com/cdsr/doi/10.1002/14651858.CD001533.pub7/full
CD001552_pub3_data,14,53,10.1002/14651858.CD001552.pub3,https://www.cochranelibrary.com/cdsr/doi/10.1002/14651858.CD001552.pub3/full
CD001703_pub4_data,20,27,10.1002/14651858.CD001703.pub4,https://www.cochranelibrary.com/cdsr/doi/10.1002/14651858.CD001703.pub4/full
CD001797_pub4_data,8,26,10.1002/14651858.CD001797.pub4,https://www.cochranelibrary.com/cdsr/doi/10.1002/14651858.CD001797.pub4/full
CD001837_pub4_data,72,13,10.1002/14651858.CD001837.pub4,https://www.cochranelibrary.com/cdsr/doi/10.1002/14651858.CD001837.pub4/full
CD001909_pub4_data,14,11,10.1002/14651858.CD001909.pub4,https://www.cochranelibrary.com/cdsr/doi/10.1002/14651858.CD001909.pub4/full
CD001920_pub4_data,196,73,10.1002/14651858.CD001920.pub4,https://www.cochranelibrary.com/cdsr/doi/10.1002/14651858.CD001920.pub4/full
CD002042_pub6_data,66,56,10.1002/14651858.CD002042.pub6,https://www.cochranelibrary.com/cdsr/doi/10.1002/14651858.CD002042.pub6/full
CD002052_pub4_data,6,26,10.1002/14651858.CD002052.pub4,https://www.cochranelibrary.com/cdsr/doi/10.1002/14651858.CD002052.pub4/full
CD002112_pub2_data,81,34,10.1002/14651858.CD002112.pub2,https://www.cochranelibrary.com/cdsr/doi/10.1002/14651858.CD002112.pub2/full
CD002115_pub6_data,21,16,10.1002/14651858.CD002115.pub6,https://www.cochranelibrary.com/cdsr/doi/10.1002/14651858.CD002115.pub6/full
CD002122_pub3_data,32,46,10.1002/14651858.CD002122.pub3,https://www.cochranelibrary.com/cdsr/doi/10.1002/14651858.CD002122.pub3/full
CD002203_pub5_data,12,45,10.1002/14651858.CD002203.pub5,https://www.cochranelibrary.com/cdsr/doi/10.1002/14651858.CD002203.pub5/full
CD002243_pub5_data,78,32,10.1002/14651858.CD002243.pub5,https://www.cochranelibrary.com/cdsr/doi/10.1002/14651858.CD002243.pub5/full
CD002290_pub6_data,57,74,10.1002/14651858.CD002290.pub6,https://www.cochranelibrary.com/cdsr/doi/10.1002/14651858.CD002290.pub6/full
CD002303_pub4_data,8,7,10.1002/14651858.CD002303.pub4,https://www.cochranelibrary.com/cdsr/doi/10.1002/14651858.CD002303.pub4/full
CD002971_pub6_data,12,15,10.1002/14651858.CD002971.pub6,https://www.cochranelibrary.com/cdsr/doi/10.1002/14651858.CD002971.pub6/full
CD003129_pub2_data,5,13,10.1002/14651858.CD003129.pub2,https://www.cochranelibrary.com/cdsr/doi/10.1002/14651858.CD003129.pub2/full
CD003214_pub4_data,1,8,10.1002/14651858.CD003214.pub4,https://www.cochranelibrary.com/cdsr/doi/10.1002/14651858.CD003214.pub4/full
CD003216_pub3_data,32,44,10.1002/14651858.CD003216.pub3,https://www.cochranelibrary.com/cdsr/doi/10.1002/14651858.CD003216.pub3/full
CD003218_pub3_data,6,5,10.1002/14651858.CD003218.pub3,https://www.cochranelibrary.com/cdsr/doi/10.1002/14651858.CD003218.pub3/full
CD003331_pub6_data,55,9,10.1002/14651858.CD003331.pub6,https://www.cochranelibrary.com/cdsr/doi/10.1002/14651858.CD003331.pub6/full
CD003333_pub4_data,4,6,10.1002/14651858.CD003333.pub4,https://www.cochranelibrary.com/cdsr/doi/10.1002/14651858.CD003333.pub4/full
CD003357_pub5_data,9,11,10.1002/14651858.CD003357.pub5,https://www.cochranelibrary.com/cdsr/doi/10.1002/14651858.CD003357.pub5/full
CD003376_pub4_data,26,76,10.1002/14651858.CD003376.pub4,https://www.cochranelibrary.com/cdsr/doi/10.1002/14651858.CD003376.pub4/full
CD003414_pub4_data,29,27,10.1002/14651858.CD003414.pub4,https://www.cochranelibrary.com/cdsr/doi/10.1002/14651858.CD003414.pub4/full
CD003429_pub5_data,3,10,10.1002/14651858.CD003429.pub5,https://www.cochranelibrary.com/cdsr/doi/10.1002/14651858.CD003429.pub5/full
CD003451_pub3_data,28,36,10.1002/14651858.CD003451.pub3,https://www.cochranelibrary.com/cdsr/doi/10.1002/14651858.CD003451.pub3/full
CD003477_pub5_data,28,28,10.1002/14651858.CD003477.pub5,https://www.cochranelibrary.com/cdsr/doi/10.1002/14651858.CD003477.pub5/full
CD003511_pub6_data,8,9,10.1002/14651858.CD003511.pub6,https://www.cochranelibrary.com/cdsr/doi/10.1002/14651858.CD003511.pub6/full
CD003519_pub5_data,60,49,10.1002/14651858.CD003519.pub5,https://www.cochranelibrary.com/cdsr/doi/10.1002/14651858.CD003519.pub5/full
CD003594_pub7_data,26,71,10.1002/14651858.CD003594.pub7,https://www.cochranelibrary.com/cdsr/doi/10.1002/14651858.CD003594.pub7/full
CD003598_pub3_data,76,260,10.1002/14651858.CD003598.pub3,https://www.cochranelibrary.com/cdsr/doi/10.1002/14651858.CD003598.pub3/full
CD003743_pub3_data,1,16,10.1002/14651858.CD003743.pub3,https://www.cochranelibrary.com/cdsr/doi/10.1002/14651858.CD003743.pub3/full
CD003774_pub5_data,41,72,10.1002/14651858.CD003774.pub5,https://www.cochranelibrary.com/cdsr/doi/10.1002/14651858.CD003774.pub5/full
CD003833_pub5_data,8,6,10.1002/14651858.CD003833.pub5,https://www.cochranelibrary.com/cdsr/doi/10.1002/14651858.CD003833.pub5/full
CD003962_pub3_data,64,93,10.1002/14651858.CD003962.pub3,https://www.cochranelibrary.com/cdsr/doi/10.1002/14651858.CD003962.pub3/full
CD004184_pub3_data,25,20,10.1002/14651858.CD004184.pub3,https://www.cochranelibrary.com/cdsr/doi/10.1002/14651858.CD004184.pub3/full
CD004307_pub7_data,56,6,10.1002/14651858.CD004307.pub7,https://www.cochranelibrary.com/cdsr/doi/10.1002/14651858.CD004307.pub7/full
CD004372_pub3_data,3,2,10.1002/14651858.CD004372.pub3,https://www.cochranelibrary.com/cdsr/doi/10.1002/14651858.CD004372.pub3/full
CD004376_pub4_data,138,21,10.1002/14651858.CD004376.pub4,https://www.cochranelibrary.com/cdsr/doi/10.1002/14651858.CD004376.pub4/full
CD004406_pub6_data,18,27,10.1002/14651858.CD004406.pub6,https://www.cochranelibrary.com/cdsr/doi/10.1002/14651858.CD004406.pub6/full
CD004417_pub6_data,11,24,10.1002/14651858.CD004417.pub6,https://www.cochranelibrary.com/cdsr/doi/10.1002/14651858.CD004417.pub6/full
CD004508_pub5_data,7,16,10.1002/14651858.CD004508.pub5,https://www.cochranelibrary.com/cdsr/doi/10.1002/14651858.CD004508.pub5/full
CD004661_pub4_data,6,130,10.1002/14651858.CD004661.pub4,https://www.cochranelibrary.com/cdsr/doi/10.1002/14651858.CD004661.pub4/full
CD004667_pub6_data,17,41,10.1002/14651858.CD004667.pub6,https://www.cochranelibrary.com/cdsr/doi/10.1002/14651858.CD004667.pub6/full
CD004703_pub3_data,21,11,10.1002/14651858.CD004703.pub3,https://www.cochranelibrary.com/cdsr/doi/10.1002/14651858.CD004703.pub3/full
CD004736_pub6_data,41,287,10.1002/14651858.CD004736.pub6,https://www.cochranelibrary.com/cdsr/doi/10.1002/14651858.CD004736.pub6/full
CD004762_pub3_data,7,12,10.1002/14651858.CD004762.pub3,https://www.cochranelibrary.com/cdsr/doi/10.1002/14651858.CD004762.pub3/full
CD004871_pub5_data,30,25,10.1002/14651858.CD004871.pub5,https://www.cochranelibrary.com/cdsr/doi/10.1002/14651858.CD004871.pub5/full
CD004904_pub4_data,4,3,10.1002/14651858.CD004904.pub4,https://www.cochranelibrary.com/cdsr/doi/10.1002/14651858.CD004904.pub4/full
CD004925_pub4_data,11,7,10.1002/14651858.CD004925.pub4,https://www.cochranelibrary.com/cdsr/doi/10.1002/14651858.CD004925.pub4/full
CD004953_pub5_data,14,22,10.1002/14651858.CD004953.pub5,https://www.cochranelibrary.com/cdsr/doi/10.1002/14651858.CD004953.pub5/full
CD004992_pub4_data,8,9,10.1002/14651858.CD004992.pub4,https://www.cochranelibrary.com/cdsr/doi/10.1002/14651858.CD004992.pub4/full
CD005133_pub4_data,21,26,10.1002/14651858.CD005133.pub4,https://www.cochranelibrary.com/cdsr/doi/10.1002/14651858.CD005133.pub4/full
CD005187_pub6_data,4,10,10.1002/14651858.CD005187.pub6,https://www.cochranelibrary.com/cdsr/doi/10.1002/14651858.CD005187.pub6/full
CD005343_pub7_data,4,15,10.1002/14651858.CD005343.pub7,https://www.cochranelibrary.com/cdsr/doi/10.1002/14651858.CD005343.pub7/full
CD005495_pub5_data,34,38,10.1002/14651858.CD005495.pub5,https://www.cochranelibrary.com/cdsr/doi/10.1002/14651858.CD005495.pub5/full
CD005566_pub4_data,69,41,10.1002/14651858.CD005566.pub4,https://www.cochranelibrary.com/cdsr/doi/10.1002/14651858.CD005566.pub4/full
CD005582_pub5_data,5,4,10.1002/14651858.CD005582.pub5,https://www.cochranelibrary.com/cdsr/doi/10.1002/14651858.CD005582.pub5/full
CD005595_pub4_data,46,41,10.1002/14651858.CD005595.pub4,https://www.cochranelibrary.com/cdsr/doi/10.1002/14651858.CD005595.pub4/full
CD005951_pub5_data,19,26,10.1002/14651858.CD005951.pub5,https://www.cochranelibrary.com/cdsr/doi/10.1002/14651858.CD005951.pub5/full
CD006023_pub4_data,110,351,10.1002/14651858.CD006023.pub4,https://www.cochranelibrary.com/cdsr/doi/10.1002/14651858.CD006023.pub4/full
CD006027_pub3_data,29,50,10.1002/14651858.CD006027.pub3,https://www.cochranelibrary.com/cdsr/doi/10.1002/14651858.CD006027.pub3/full
CD006124_pub3_data,10,21,10.1002/14651858.CD006124.pub3,https://www.cochranelibrary.com/cdsr/doi/10.1002/14651858.CD006124.pub3/full
CD006140_pub3_data,20,62,10.1002/14651858.CD006140.pub3,https://www.cochranelibrary.com/cdsr/doi/10.1002/14651858.CD006140.pub3/full
CD006182_pub3_data,3,41,10.1002/14651858.CD006182.pub3,https://www.cochranelibrary.com/cdsr/doi/10.1002/14651858.CD006182.pub3/full
CD006185_pub6_data,101,17,10.1002/14651858.CD006185.pub6,https://www.cochranelibrary.com/cdsr/doi/10.1002/14651858.CD006185.pub6/full
CD006214_pub5_data,1,1,10.1002/14651858.CD006214.pub5,https://www.cochranelibrary.com/cdsr/doi/10.1002/14651858.CD006214.pub5/full
CD006257_pub2_data,81,105,10.1002/14651858.CD006257.pub2,https://www.cochranelibrary.com/cdsr/doi/10.1002/14651858.CD006257.pub2/full
CD006273_pub4_data,4,4,10.1002/14651858.CD006273.pub4,https://www.cochranelibrary.com/cdsr/doi/10.1002/14651858.CD006273.pub4/full
CD006404_pub5_data,20,50,10.1002/14651858.CD006404.pub5,https://www.cochranelibrary.com/cdsr/doi/10.1002/14651858.CD006404.pub5/full
CD006475_pub3_data,24,31,10.1002/14651858.CD006475.pub3,https://www.cochranelibrary.com/cdsr/doi/10.1002/14651858.CD006475.pub3/full
CD006515_pub2_data,2,12,10.1002/14651858.CD006515.pub2,https://www.cochranelibrary.com/cdsr/doi/10.1002/14651858.CD006515.pub2/full
CD006536_pub5_data,54,52,10.1002/14651858.CD006536.pub5,https://www.cochranelibrary.com/cdsr/doi/10.1002/14651858.CD006536.pub5/full
CD006606_pub5_data,4,14,10.1002/14651858.CD006606.pub5,https://www.cochranelibrary.com/cdsr/doi/10.1002/14651858.CD006606.pub5/full
CD006632_pub3_data,39,18,10.1002/14651858.CD006632.pub3,https://www.cochranelibrary.com/cdsr/doi/10.1002/14651858.CD006632.pub3/full
CD006689_pub3_data,14,159,10.1002/14651858.CD006689.pub3,https://www.cochranelibrary.com/cdsr/doi/10.1002/14651858.CD006689.pub3/full
CD006712_pub3_data,13,28,10.1002/14651858.CD006712.pub3,https://www.cochranelibrary.com/cdsr/doi/10.1002/14651858.CD006712.pub3/full
CD006714_pub3_data,3,18,10.1002/14651858.CD006714.pub3,https://www.cochranelibrary.com/cdsr/doi/10.1002/14651858.CD006714.pub3/full
CD006742_pub3_data,5,5,10.1002/14651858.CD006742.pub3,https://www.cochranelibrary.com/cdsr/doi/10.1002/14651858.CD006742.pub3/full
CD006839_pub5_data,8,9,10.1002/14651858.CD006839.pub5,https://www.cochranelibrary.com/cdsr/doi/10.1002/14651858.CD006839.pub5/full
CD006913_pub3_data,50,142,10.1002/14651858.CD006913.pub3,https://www.cochranelibrary.com/cdsr/doi/10.1002/14651858.CD006913.pub3/full
CD006919_pub5_data,40,59,10.1002/14651858.CD006919.pub5,https://www.cochranelibrary.com/cdsr/doi/10.1002/14651858.CD006919.pub5/full
CD006942_pub4_data,16,17,10.1002/14651858.CD006942.pub4,https://www.cochranelibrary.com/cdsr/doi/10.1002/14651858.CD006942.pub4/full
CD006982_pub5_data,12,8,10.1002/14651858.CD006982.pub5,https://www.cochranelibrary.com/cdsr/doi/10.1002/14651858.CD006982.pub5/full
CD007024_pub3_data,21,23,10.1002/14651858.CD007024.pub3,https://www.cochranelibrary.com/cdsr/doi/10.1002/14651858.CD007024.pub3/full
CD007026_pub7_data,6,10,10.1002/14651858.CD007026.pub7,https://www.cochranelibrary.com/cdsr/doi/10.1002/14651858.CD007026.pub7/full
CD007079_pub4_data,19,34,10.1002/14651858.CD007079.pub4,https://www.cochranelibrary.com/cdsr/doi/10.1002/14651858.CD007079.pub4/full
CD007110_pub4_data,9,36,10.1002/14651858.CD007110.pub4,https://www.cochranelibrary.com/cdsr/doi/10.1002/14651858.CD007110.pub4/full
CD007130_pub5_data,24,11,10.1002/14651858.CD007130.pub5,https://www.cochranelibrary.com/cdsr/doi/10.1002/14651858.CD007130.pub5/full
CD007156_pub3_data,24,25,10.1002/14651858.CD007156.pub3,https://www.cochranelibrary.com/cdsr/doi/10.1002/14651858.CD007156.pub3/full
CD007310_pub3_data,20,115,10.1002/14651858.CD007310.pub3,https://www.cochranelibrary.com/cdsr/doi/10.1002/14651858.CD007310.pub3/full
CD007374_pub3_data,8,28,10.1002/14651858.CD007374.pub3,https://www.cochranelibrary.com/cdsr/doi/10.1002/14651858.CD007374.pub3/full
CD007388_pub3_data,15,87,10.1002/14651858.CD007388.pub3,https://www.cochranelibrary.com/cdsr/doi/10.1002/14651858.CD007388.pub3/full
CD007491_pub3_data,9,4,10.1002/14651858.CD007491.pub3,https://www.cochranelibrary.com/cdsr/doi/10.1002/14651858.CD007491.pub3/full
CD007569_pub4_data,15,7,10.1002/14651858.CD007569.pub4,https://www.cochranelibrary.com/cdsr/doi/10.1002/14651858.CD007569.pub4/full
CD007572_pub4_data,8,19,10.1002/14651858.CD007572.pub4,https://www.cochranelibrary.com/cdsr/doi/10.1002/14651858.CD007572.pub4/full
CD007639_pub3_data,30,67,10.1002/14651858.CD007639.pub3,https://www.cochranelibrary.com/cdsr/doi/10.1002/14651858.CD007639.pub3/full
CD007674_pub3_data,20,23,10.1002/14651858.CD007674.pub3,https://www.cochranelibrary.com/cdsr/doi/10.1002/14651858.CD007674.pub3/full
CD007693_pub3_data,27,12,10.1002/14651858.CD007693.pub3,https://www.cochranelibrary.com/cdsr/doi/10.1002/14651858.CD007693.pub3/full
CD007784_pub3_data,44,68,10.1002/14651858.CD007784.pub3,https://www.cochranelibrary.com/cdsr/doi/10.1002/14651858.CD007784.pub3/full
CD007809_pub3_data,6,55,10.1002/14651858.CD007809.pub3,https://www.cochranelibrary.com/cdsr/doi/10.1002/14651858.CD007809.pub3/full
CD007837_pub3_data,12,28,10.1002/14651858.CD007837.pub3,https://www.cochranelibrary.com/cdsr/doi/10.1002/14651858.CD007837.pub3/full
CD007859_pub5_data,24,24,10.1002/14651858.CD007859.pub5,https://www.cochranelibrary.com/cdsr/doi/10.1002/14651858.CD007859.pub5/full
CD007872_pub4_data,3,19,10.1002/14651858.CD007872.pub4,https://www.cochranelibrary.com/cdsr/doi/10.1002/14651858.CD007872.pub4/full
CD007895_pub3_data,5,4,10.1002/14651858.CD007895.pub3,https://www.cochranelibrary.com/cdsr/doi/10.1002/14651858.CD007895.pub3/full
CD007896_pub4_data,56,36,10.1002/14651858.CD007896.pub4,https://www.cochranelibrary.com/cdsr/doi/10.1002/14651858.CD007896.pub4/full
CD008063_pub3_data,86,10,10.1002/14651858.CD008063.pub3,https://www.cochranelibrary.com/cdsr/doi/10.1002/14651858.CD008063.pub3/full
CD008145_pub4_data,34,46,10.1002/14651858.CD008145.pub4,https://www.cochranelibrary.com/cdsr/doi/10.1002/14651858.CD008145.pub4/full
CD008165_pub5_data,26,6,10.1002/14651858.CD008165.pub5,https://www.cochranelibrary.com/cdsr/doi/10.1002/14651858.CD008165.pub5/full
CD008176_pub3_data,78,125,10.1002/14651858.CD008176.pub3,https://www.cochranelibrary.com/cdsr/doi/10.1002/14651858.CD008176.pub3/full
CD008237_pub4_data,9,11,10.1002/14651858.CD008237.pub4,https://www.cochranelibrary.com/cdsr/doi/10.1002/14651858.CD008237.pub4/full
CD008309_pub3_data,8,77,10.1002/14651858.CD008309.pub3,https://www.cochranelibrary.com/cdsr/doi/10.1002/14651858.CD008309.pub3/full
CD008349_pub5_data,135,25,10.1002/14651858.CD008349.pub5,https://www.cochranelibrary.com/cdsr/doi/10.1002/14651858.CD008349.pub5/full
CD008469_pub3_data,16,10,10.1002/14651858.CD008469.pub3,https://www.cochranelibrary.com/cdsr/doi/10.1002/14651858.CD008469.pub3/full
CD008493_pub5_data,8,29,10.1002/14651858.CD008493.pub5,https://www.cochranelibrary.com/cdsr/doi/10.1002/14651858.CD008493.pub5/full
CD008552_pub8_data,42,20,10.1002/14651858.CD008552.pub8,https://www.cochranelibrary.com/cdsr/doi/10.1002/14651858.CD008552.pub8/full
CD008564_pub3_data,6,36,10.1002/14651858.CD008564.pub3,https://www.cochranelibrary.com/cdsr/doi/10.1002/14651858.CD008564.pub3/full
CD008628_pub3_data,11,15,10.1002/14651858.CD008628.pub3,https://www.cochranelibrary.com/cdsr/doi/10.1002/14651858.CD008628.pub3/full
CD008688_pub3_data,3,8,10.1002/14651858.CD008688.pub3,https://www.cochranelibrary.com/cdsr/doi/10.1002/14651858.CD008688.pub3/full
CD008709_pub4_data,55,57,10.1002/14651858.CD008709.pub4,https://www.cochranelibrary.com/cdsr/doi/10.1002/14651858.CD008709.pub4/full
CD008771_pub3_data,9,22,10.1002/14651858.CD008771.pub3,https://www.cochranelibrary.com/cdsr/doi/10.1002/14651858.CD008771.pub3/full
CD008858_pub5_data,8,9,10.1002/14651858.CD008858.pub5,https://www.cochranelibrary.com/cdsr/doi/10.1002/14651858.CD008858.pub5/full
CD008873_pub5_data,9,32,10.1002/14651858.CD008873.pub5,https://www.cochranelibrary.com/cdsr/doi/10.1002/14651858.CD008873.pub5/full
CD008879_pub3_data,15,12,10.1002/14651858.CD008879.pub3,https://www.cochranelibrary.com/cdsr/doi/10.1002/14651858.CD008879.pub3/full
CD008940_pub4_data,36,94,10.1002/14651858.CD008940.pub4,https://www.cochranelibrary.com/cdsr/doi/10.1002/14651858.CD008940.pub4/full
CD008973_pub3_data,14,8,10.1002/14651858.CD008973.pub3,https://www.cochranelibrary.com/cdsr/doi/10.1002/14651858.CD008973.pub3/full
CD008995_pub3_data,2,4,10.1002/14651858.CD008995.pub3,https://www.cochranelibrary.com/cdsr/doi/10.1002/14651858.CD008995.pub3/full
CD009022_pub4_data,11,13,10.1002/14651858.CD009022.pub4,https://www.cochranelibrary.com/cdsr/doi/10.1002/14651858.CD009022.pub4/full
CD009102_pub2_data,5,12,10.1002/14651858.CD009102.pub2,https://www.cochranelibrary.com/cdsr/doi/10.1002/14651858.CD009102.pub2/full
CD009235_pub4_data,61,26,10.1002/14651858.CD009235.pub4,https://www.cochranelibrary.com/cdsr/doi/10.1002/14651858.CD009235.pub4/full
CD009244_pub3_data,5,27,10.1002/14651858.CD009244.pub3,https://www.cochranelibrary.com/cdsr/doi/10.1002/14651858.CD009244.pub3/full
CD009252_pub2_data,31,15,10.1002/14651858.CD009252.pub2,https://www.cochranelibrary.com/cdsr/doi/10.1002/14651858.CD009252.pub2/full
CD009298_pub3_data,6,55,10.1002/14651858.CD009298.pub3,https://www.cochranelibrary.com/cdsr/doi/10.1002/14651858.CD009298.pub3/full
CD009362_pub4_data,49,34,10.1002/14651858.CD009362.pub4,https://www.cochranelibrary.com/cdsr/doi/10.1002/14651858.CD009362.pub4/full
CD009417_pub3_data,7,10,10.1002/14651858.CD009417.pub3,https://www.cochranelibrary.com/cdsr/doi/10.1002/14651858.CD009417.pub3/full
CD009508_pub2_data,50,11,10.1002/14651858.CD009508.pub2,https://www.cochranelibrary.com/cdsr/doi/10.1002/14651858.CD009508.pub2/full
CD009531_pub3_data,8,22,10.1002/14651858.CD009531.pub3,https://www.cochranelibrary.com/cdsr/doi/10.1002/14651858.CD009531.pub3/full
CD009535_pub3_data,22,30,10.1002/14651858.CD009535.pub3,https://www.cochranelibrary.com/cdsr/doi/10.1002/14651858.CD009535.pub3/full
CD009609_pub3_data,11,10,10.1002/14651858.CD009609.pub3,https://www.cochranelibrary.com/cdsr/doi/10.1002/14651858.CD009609.pub3/full
CD009679_pub3_data,15,42,10.1002/14651858.CD009679.pub3,https://www.cochranelibrary.com/cdsr/doi/10.1002/14651858.CD009679.pub3/full
CD009730_pub3_data,28,84,10.1002/14651858.CD009730.pub3,https://www.cochranelibrary.com/cdsr/doi/10.1002/14651858.CD009730.pub3/full
CD009749_pub3_data,28,12,10.1002/14651858.CD009749.pub3,https://www.cochranelibrary.com/cdsr/doi/10.1002/14651858.CD009749.pub3/full
CD009752_pub3_data,14,57,10.1002/14651858.CD009752.pub3,https://www.cochranelibrary.com/cdsr/doi/10.1002/14651858.CD009752.pub3/full
CD009788_pub3_data,10,11,10.1002/14651858.CD009788.pub3,https://www.cochranelibrary.com/cdsr/doi/10.1002/14651858.CD009788.pub3/full
CD009945_pub3_data,3,3,10.1002/14651858.CD009945.pub3,https://www.cochranelibrary.com/cdsr/doi/10.1002/14651858.CD009945.pub3/full
CD010001_pub4_data,45,21,10.1002/14651858.CD010001.pub4,https://www.cochranelibrary.com/cdsr/doi/10.1002/14651858.CD010001.pub4/full
CD010136_pub4_data,3,17,10.1002/14651858.CD010136.pub4,https://www.cochranelibrary.com/cdsr/doi/10.1002/14651858.CD010136.pub4/full
CD010145_pub2_data,27,55,10.1002/14651858.CD010145.pub2,https://www.cochranelibrary.com/cdsr/doi/10.1002/14651858.CD010145.pub2/full
CD010163_pub3_data,2,4,10.1002/14651858.CD010163.pub3,https://www.cochranelibrary.com/cdsr/doi/10.1002/14651858.CD010163.pub3/full
CD010189_pub3_data,9,10,10.1002/14651858.CD010189.pub3,https://www.cochranelibrary.com/cdsr/doi/10.1002/14651858.CD010189.pub3/full
CD010216_pub9_data,51,102,10.1002/14651858.CD010216.pub9,https://www.cochranelibrary.com/cdsr/doi/10.1002/14651858.CD010216.pub9/full
CD010290_pub4_data,15,44,10.1002/14651858.CD010290.pub4,https://www.cochranelibrary.com/cdsr/doi/10.1002/14651858.CD010290.pub4/full
CD010333_pub4_data,1,8,10.1002/14651858.CD010333.pub4,https://www.cochranelibrary.com/cdsr/doi/10.1002/14651858.CD010333.pub4/full
CD010441_pub3_data,5,14,10.1002/14651858.CD010441.pub3,https://www.cochranelibrary.com/cdsr/doi/10.1002/14651858.CD010441.pub3/full
CD010533_pub3_data,10,43,10.1002/14651858.CD010533.pub3,https://www.cochranelibrary.com/cdsr/doi/10.1002/14651858.CD010533.pub3/full
CD010583_pub6_data,10,30,10.1002/14651858.CD010583.pub6,https://www.cochranelibrary.com/cdsr/doi/10.1002/14651858.CD010583.pub6/full
CD010779_pub2_data,5,7,10.1002/14651858.CD010779.pub2,https://www.cochranelibrary.com/cdsr/doi/10.1002/14651858.CD010779.pub2/full
CD010856_pub3_data,17,12,10.1002/14651858.CD010856.pub3,https://www.cochranelibrary.com/cdsr/doi/10.1002/14651858.CD010856.pub3/full
CD010861_pub3_data,31,64,10.1002/14651858.CD010861.pub3,https://www.cochranelibrary.com/cdsr/doi/10.1002/14651858.CD010861.pub3/full
CD010966_pub4_data,32,228,10.1002/14651858.CD010966.pub4,https://www.cochranelibrary.com/cdsr/doi/10.1002/14651858.CD010966.pub4/full
CD011039_pub2_data,2,10,10.1002/14651858.CD011039.pub2,https://www.cochranelibrary.com/cdsr/doi/10.1002/14651858.CD011039.pub2/full
CD011044_pub3_data,53,40,10.1002/14651858.CD011044.pub3,https://www.cochranelibrary.com/cdsr/doi/10.1002/14651858.CD011044.pub3/full
CD011060_pub2_data,1,4,10.1002/14651858.CD011060.pub2,https://www.cochranelibrary.com/cdsr/doi/10.1002/14651858.CD011060.pub2/full
CD011120_pub3_data,16,15,10.1002/14651858.CD011120.pub3,https://www.cochranelibrary.com/cdsr/doi/10.1002/14651858.CD011120.pub3/full
CD011192_pub4_data,1,22,10.1002/14651858.CD011192.pub4,https://www.cochranelibrary.com/cdsr/doi/10.1002/14651858.CD011192.pub4/full
CD011197_pub3_data,20,20,10.1002/14651858.CD011197.pub3,https://www.cochranelibrary.com/cdsr/doi/10.1002/14651858.CD011197.pub3/full
CD011204_pub3_data,18,82,10.1002/14651858.CD011204.pub3,https://www.cochranelibrary.com/cdsr/doi/10.1002/14651858.CD011204.pub3/full
CD011218_pub2_data,8,8,10.1002/14651858.CD011218.pub2,https://www.cochranelibrary.com/cdsr/doi/10.1002/14651858.CD011218.pub2/full
CD011305_pub3_data,6,22,10.1002/14651858.CD011305.pub3,https://www.cochranelibrary.com/cdsr/doi/10.1002/14651858.CD011305.pub3/full
CD011330_pub2_data,11,13,10.1002/14651858.CD011330.pub2,https://www.cochranelibrary.com/cdsr/doi/10.1002/14651858.CD011330.pub2/full
CD011381_pub3_data,50,18,10.1002/14651858.CD011381.pub3,https://www.cochranelibrary.com/cdsr/doi/10.1002/14651858.CD011381.pub3/full
CD011468_pub2_data,2,6,10.1002/14651858.CD011468.pub2,https://www.cochranelibrary.com/cdsr/doi/10.1002/14651858.CD011468.pub2/full
CD011535_pub7_data,149,95,10.1002/14651858.CD011535.pub7,https://www.cochranelibrary.com/cdsr/doi/10.1002/14651858.CD011535.pub7/full
CD011575_pub3_data,4,21,10.1002/14651858.CD011575.pub3,https://www.cochranelibrary.com/cdsr/doi/10.1002/14651858.CD011575.pub3/full
CD011600_pub3_data,5,54,10.1002/14651858.CD011600.pub3,https://www.cochranelibrary.com/cdsr/doi/10.1002/14651858.CD011600.pub3/full
CD011624_pub3_data,4,44,10.1002/14651858.CD011624.pub3,https://www.cochranelibrary.com/cdsr/doi/10.1002/14651858.CD011624.pub3/full
CD011626_pub3_data,6,9,10.1002/14651858.CD011626.pub3,https://www.cochranelibrary.com/cdsr/doi/10.1002/14651858.CD011626.pub3/full
CD011627_pub3_data,14,6,10.1002/14651858.CD011627.pub3,https://www.cochranelibrary.com/cdsr/doi/10.1002/14651858.CD011627.pub3/full
CD011670_pub3_data,8,11,10.1002/14651858.CD011670.pub3,https://www.cochranelibrary.com/cdsr/doi/10.1002/14651858.CD011670.pub3/full
CD011671_pub3_data,16,11,10.1002/14651858.CD011671.pub3,https://www.cochranelibrary.com/cdsr/doi/10.1002/14651858.CD011671.pub3/full
CD011689_pub4_data,120,756,10.1002/14651858.CD011689.pub4,https://www.cochranelibrary.com/cdsr/doi/10.1002/14651858.CD011689.pub4/full
CD011762_pub2_data,48,121,10.1002/14651858.CD011762.pub2,https://www.cochranelibrary.com/cdsr/doi/10.1002/14651858.CD011762.pub2/full
CD011778_pub2_data,44,20,10.1002/14651858.CD011778.pub2,https://www.cochranelibrary.com/cdsr/doi/10.1002/14651858.CD011778.pub2/full
CD011793_pub3_data,14,14,10.1002/14651858.CD011793.pub3,https://www.cochranelibrary.com/cdsr/doi/10.1002/14651858.CD011793.pub3/full
CD011800_pub2_data,3,9,10.1002/14651858.CD011800.pub2,https://www.cochranelibrary.com/cdsr/doi/10.1002/14651858.CD011800.pub2/full
CD011806_pub2_data,19,27,10.1002/14651858.CD011806.pub2,https://www.cochranelibrary.com/cdsr/doi/10.1002/14651858.CD011806.pub2/full
CD011841_pub3_data,36,75,10.1002/14651858.CD011841.pub3,https://www.cochranelibrary.com/cdsr/doi/10.1002/14651858.CD011841.pub3/full
CD011851_pub3_data,11,15,10.1002/14651858.CD011851.pub3,https://www.cochranelibrary.com/cdsr/doi/10.1002/14651858.CD011851.pub3/full
CD011858_pub2_data,25,65,10.1002/14651858.CD011858.pub2,https://www.cochranelibrary.com/cdsr/doi/10.1002/14651858.CD011858.pub2/full
CD011866_pub3_data,64,33,10.1002/14651858.CD011866.pub3,https://www.cochranelibrary.com/cdsr/doi/10.1002/14651858.CD011866.pub3/full
CD011885_pub2_data,8,68,10.1002/14651858.CD011885.pub2,https://www.cochranelibrary.com/cdsr/doi/10.1002/14651858.CD011885.pub2/full
CD012067_pub3_data,50,183,10.1002/14651858.CD012067.pub3,https://www.cochranelibrary.com/cdsr/doi/10.1002/14651858.CD012067.pub3/full
CD012079_pub2_data,50,65,10.1002/14651858.CD012079.pub2,https://www.cochranelibrary.com/cdsr/doi/10.1002/14651858.CD012079.pub2/full
CD012152_pub4_data,2,35,10.1002/14651858.CD012152.pub4,https://www.cochranelibrary.com/cdsr/doi/10.1002/14651858.CD012152.pub4/full
CD012170_pub2_data,12,13,10.1002/14651858.CD012170.pub2,https://www.cochranelibrary.com/cdsr/doi/10.1002/14651858.CD012170.pub2/full
CD012178_pub2_data,5,6,10.1002/14651858.CD012178.pub2,https://www.cochranelibrary.com/cdsr/doi/10.1002/14651858.CD012178.pub2/full
CD012186_pub2_data,109,2,10.1002/14651858.CD012186.pub2,https://www.cochranelibrary.com/cdsr/doi/10.1002/14651858.CD012186.pub2/full
CD012214_pub3_data,7,13,10.1002/14651858.CD012214.pub3,https://www.cochranelibrary.com/cdsr/doi/10.1002/14651858.CD012214.pub3/full
CD012265_pub2_data,1,4,10.1002/14651858.CD012265.pub2,https://www.cochranelibrary.com/cdsr/doi/10.1002/14651858.CD012265.pub2/full
CD012268_pub2_data,18,12,10.1002/14651858.CD012268.pub2,https://www.cochranelibrary.com/cdsr/doi/10.1002/14651858.CD012268.pub2/full
CD012335_pub2_data,2,13,10.1002/14651858.CD012335.pub2,https://www.cochranelibrary.com/cdsr/doi/10.1002/14651858.CD012335.pub2/full
CD012397_pub2_data,4,12,10.1002/14651858.CD012397.pub2,https://www.cochranelibrary.com/cdsr/doi/10.1002/14651858.CD012397.pub2/full
CD012426_pub2_data,4,9,10.1002/14651858.CD012426.pub2,https://www.cochranelibrary.com/cdsr/doi/10.1002/14651858.CD012426.pub2/full
CD012429_pub2_data,2,35,10.1002/14651858.CD012429.pub2,https://www.cochranelibrary.com/cdsr/doi/10.1002/14651858.CD012429.pub2/full
CD012445_pub2_data,10,20,10.1002/14651858.CD012445.pub2,https://www.cochranelibrary.com/cdsr/doi/10.1002/14651858.CD012445.pub2/full
CD012503_pub3_data,21,28,10.1002/14651858.CD012503.pub3,https://www.cochranelibrary.com/cdsr/doi/10.1002/14651858.CD012503.pub3/full
CD012532_pub2_data,6,14,10.1002/14651858.CD012532.pub2,https://www.cochranelibrary.com/cdsr/doi/10.1002/14651858.CD012532.pub2/full
CD012570_pub2_data,11,7,10.1002/14651858.CD012570.pub2,https://www.cochranelibrary.com/cdsr/doi/10.1002/14651858.CD012570.pub2/full
CD012572_pub3_data,5,13,10.1002/14651858.CD012572.pub3,https://www.cochranelibrary.com/cdsr/doi/10.1002/14651858.CD012572.pub3/full
CD012586_pub2_data,169,188,10.1002/14651858.CD012586.pub2,https://www.cochranelibrary.com/cdsr/doi/10.1002/14651858.CD012586.pub2/full
CD012594_pub2_data,2,1,10.1002/14651858.CD012594.pub2,https://www.cochranelibrary.com/cdsr/doi/10.1002/14651858.CD012594.pub2/full
CD012609_pub2_data,8,24,10.1002/14651858.CD012609.pub2,https://www.cochranelibrary.com/cdsr/doi/10.1002/14651858.CD012609.pub2/full
CD012623_pub2_data,8,5,10.1002/14651858.CD012623.pub2,https://www.cochranelibrary.com/cdsr/doi/10.1002/14651858.CD012623.pub2/full
CD012635_pub2_data,16,24,10.1002/14651858.CD012635.pub2,https://www.cochranelibrary.com/cdsr/doi/10.1002/14651858.CD012635.pub2/full
CD012642_pub2_data,8,59,10.1002/14651858.CD012642.pub2,https://www.cochranelibrary.com/cdsr/doi/10.1002/14651858.CD012642.pub2/full
CD012693_pub3_data,26,139,10.1002/14651858.CD012693.pub3,https://www.cochranelibrary.com/cdsr/doi/10.1002/14651858.CD012693.pub3/full
CD012712_pub2_data,31,92,10.1002/14651858.CD012712.pub2,https://www.cochranelibrary.com/cdsr/doi/10.1002/14651858.CD012712.pub2/full
CD012718_pub2_data,24,34,10.1002/14651858.CD012718.pub2,https://www.cochranelibrary.com/cdsr/doi/10.1002/14651858.CD012718.pub2/full
CD012757_pub2_data,3,10,10.1002/14651858.CD012757.pub2,https://www.cochranelibrary.com/cdsr/doi/10.1002/14651858.CD012757.pub2/full
CD012850_pub2_data,35,78,10.1002/14651858.CD012850.pub2,https://www.cochranelibrary.com/cdsr/doi/10.1002/14651858.CD012850.pub2/full
CD012886_pub3_data,8,30,10.1002/14651858.CD012886.pub3,https://www.cochranelibrary.com/cdsr/doi/10.1002/14651858.CD012886.pub3/full
CD012891_pub2_data,20,20,10.1002/14651858.CD012891.pub2,https://www.cochranelibrary.com/cdsr/doi/10.1002/14651858.CD012891.pub2/full
CD012905_pub2_data,20,23,10.1002/14651858.CD012905.pub2,https://www.cochranelibrary.com/cdsr/doi/10.1002/14651858.CD012905.pub2/full
CD012925_pub2_data,18,22,10.1002/14651858.CD012925.pub2,https://www.cochranelibrary.com/cdsr/doi/10.1002/14651858.CD012925.pub2/full
CD012942_pub2_data,37,104,10.1002/14651858.CD012942.pub2,https://www.cochranelibrary.com/cdsr/doi/10.1002/14651858.CD012942.pub2/full
CD012967_pub2_data,3,5,10.1002/14651858.CD012967.pub2,https://www.cochranelibrary.com/cdsr/doi/10.1002/14651858.CD012967.pub2/full
CD012993_pub2_data,6,28,10.1002/14651858.CD012993.pub2,https://www.cochranelibrary.com/cdsr/doi/10.1002/14651858.CD012993.pub2/full
CD012997_pub3_data,4,8,10.1002/14651858.CD012997.pub3,https://www.cochranelibrary.com/cdsr/doi/10.1002/14651858.CD012997.pub3/full
CD013023_pub2_data,5,38,10.1002/14651858.CD013023.pub2,https://www.cochranelibrary.com/cdsr/doi/10.1002/14651858.CD013023.pub2/full
CD013038_pub3_data,7,11,10.1002/14651858.CD013038.pub3,https://www.cochranelibrary.com/cdsr/doi/10.1002/14651858.CD013038.pub3/full
CD013042_pub2_data,23,64,10.1002/14651858.CD013042.pub2,https://www.cochranelibrary.com/cdsr/doi/10.1002/14651858.CD013042.pub2/full
CD013051_pub3_data,13,7,10.1002/14651858.CD013051.pub3,https://www.cochranelibrary.com/cdsr/doi/10.1002/14651858.CD013051.pub3/full
CD013052_pub3_data,16,22,10.1002/14651858.CD013052.pub3,https://www.cochranelibrary.com/cdsr/doi/10.1002/14651858.CD013052.pub3/full
CD013053_pub3_data,6,5,10.1002/14651858.CD013053.pub3,https://www.cochranelibrary.com/cdsr/doi/10.1002/14651858.CD013053.pub3/full
CD013054_pub3_data,16,26,10.1002/14651858.CD013054.pub3,https://www.cochranelibrary.com/cdsr/doi/10.1002/14651858.CD013054.pub3/full
CD013055_pub3_data,3,7,10.1002/14651858.CD013055.pub3,https://www.cochranelibrary.com/cdsr/doi/10.1002/14651858.CD013055.pub3/full
CD013056_pub3_data,10,12,10.1002/14651858.CD013056.pub3,https://www.cochranelibrary.com/cdsr/doi/10.1002/14651858.CD013056.pub3/full
CD013057_pub3_data,2,3,10.1002/14651858.CD013057.pub3,https://www.cochranelibrary.com/cdsr/doi/10.1002/14651858.CD013057.pub3/full
CD013059_pub2_data,18,21,10.1002/14651858.CD013059.pub2,https://www.cochranelibrary.com/cdsr/doi/10.1002/14651858.CD013059.pub2/full
CD013071_pub2_data,28,33,10.1002/14651858.CD013071.pub2,https://www.cochranelibrary.com/cdsr/doi/10.1002/14651858.CD013071.pub2/full
CD013078_pub2_data,6,16,10.1002/14651858.CD013078.pub2,https://www.cochranelibrary.com/cdsr/doi/10.1002/14651858.CD013078.pub2/full
CD013105_pub2_data,29,39,10.1002/14651858.CD013105.pub2,https://www.cochranelibrary.com/cdsr/doi/10.1002/14651858.CD013105.pub2/full
CD013111_pub2_data,5,17,10.1002/14651858.CD013111.pub2,https://www.cochranelibrary.com/cdsr/doi/10.1002/14651858.CD013111.pub2/full
CD013158_pub2_data,3,5,10.1002/14651858.CD013158.pub2,https://www.cochranelibrary.com/cdsr/doi/10.1002/14651858.CD013158.pub2/full
CD013166_pub3_data,21,16,10.1002/14651858.CD013166.pub3,https://www.cochranelibrary.com/cdsr/doi/10.1002/14651858.CD013166.pub3/full
CD013197_pub2_data,40,23,10.1002/14651858.CD013197.pub2,https://www.cochranelibrary.com/cdsr/doi/10.1002/14651858.CD013197.pub2/full
CD013232_pub2_data,128,162,10.1002/14651858.CD013232.pub2,https://www.cochranelibrary.com/cdsr/doi/10.1002/14651858.CD013232.pub2/full
CD013255_pub2_data,45,37,10.1002/14651858.CD013255.pub2,https://www.cochranelibrary.com/cdsr/doi/10.1002/14651858.CD013255.pub2/full
CD013278_pub3_data,18,47,10.1002/14651858.CD013278.pub3,https://www.cochranelibrary.com/cdsr/doi/10.1002/14651858.CD013278.pub3/full
CD013284_pub2_data,8,17,10.1002/14651858.CD013284.pub2,https://www.cochranelibrary.com/cdsr/doi/10.1002/14651858.CD013284.pub2/full
CD013294_pub2_data,13,24,10.1002/14651858.CD013294.pub2,https://www.cochranelibrary.com/cdsr/doi/10.1002/14651858.CD013294.pub2/full
CD013295_pub2_data,99,196,10.1002/14651858.CD013295.pub2,https://www.cochranelibrary.com/cdsr/doi/10.1002/14651858.CD013295.pub2/full
CD013303_pub2_data,29,79,10.1002/14651858.CD013303.pub2,https://www.cochranelibrary.com/cdsr/doi/10.1002/14651858.CD013303.pub2/full
CD013329_pub2_data,2,11,10.1002/14651858.CD013329.pub2,https://www.cochranelibrary.com/cdsr/doi/10.1002/14651858.CD013329.pub2/full
CD013331_pub2_data,18,20,10.1002/14651858.CD013331.pub2,https://www.cochranelibrary.com/cdsr/doi/10.1002/14651858.CD013331.pub2/full
CD013332_pub2_data,31,19,10.1002/14651858.CD013332.pub2,https://www.cochranelibrary.com/cdsr/doi/10.1002/14651858.CD013332.pub2/full
CD013342_pub2_data,24,55,10.1002/14651858.CD013342.pub2,https://www.cochranelibrary.com/cdsr/doi/10.1002/14651858.CD013342.pub2/full
CD013344_pub2_data,11,70,10.1002/14651858.CD013344.pub2,https://www.cochranelibrary.com/cdsr/doi/10.1002/14651858.CD013344.pub2/full
CD013353_pub2_data,7,14,10.1002/14651858.CD013353.pub2,https://www.cochranelibrary.com/cdsr/doi/10.1002/14651858.CD013353.pub2/full
CD013355_pub2_data,4,7,10.1002/14651858.CD013355.pub2,https://www.cochranelibrary.com/cdsr/doi/10.1002/14651858.CD013355.pub2/full
CD013358_pub2_data,58,66,10.1002/14651858.CD013358.pub2,https://www.cochranelibrary.com/cdsr/doi/10.1002/14651858.CD013358.pub2/full
CD013366_pub2_data,12,66,10.1002/14651858.CD013366.pub2,https://www.cochranelibrary.com/cdsr/doi/10.1002/14651858.CD013366.pub2/full
CD013377_pub2_data,10,24,10.1002/14651858.CD013377.pub2,https://www.cochranelibrary.com/cdsr/doi/10.1002/14651858.CD013377.pub2/full
CD013396_pub2_data,18,41,10.1002/14651858.CD013396.pub2,https://www.cochranelibrary.com/cdsr/doi/10.1002/14651858.CD013396.pub2/full
CD013408_pub2_data,6,17,10.1002/14651858.CD013408.pub2,https://www.cochranelibrary.com/cdsr/doi/10.1002/14651858.CD013408.pub2/full
CD013414_pub2_data,10,22,10.1002/14651858.CD013414.pub2,https://www.cochranelibrary.com/cdsr/doi/10.1002/14651858.CD013414.pub2/full
CD013421_pub2_data,21,14,10.1002/14651858.CD013421.pub2,https://www.cochranelibrary.com/cdsr/doi/10.1002/14651858.CD013421.pub2/full
CD013425_pub2_data,57,22,10.1002/14651858.CD013425.pub2,https://www.cochranelibrary.com/cdsr/doi/10.1002/14651858.CD013425.pub2/full
CD013429_pub2_data,9,34,10.1002/14651858.CD013429.pub2,https://www.cochranelibrary.com/cdsr/doi/10.1002/14651858.CD013429.pub2/full
CD013445_pub2_data,42,36,10.1002/14651858.CD013445.pub2,https://www.cochranelibrary.com/cdsr/doi/10.1002/14651858.CD013445.pub2/full
CD013456_pub2_data,31,23,10.1002/14651858.CD013456.pub2,https://www.cochranelibrary.com/cdsr/doi/10.1002/14651858.CD013456.pub2/full
CD013462_pub3_data,14,23,10.1002/14651858.CD013462.pub3,https://www.cochranelibrary.com/cdsr/doi/10.1002/14651858.CD013462.pub3/full
CD013468_pub2_data,24,35,10.1002/14651858.CD013468.pub2,https://www.cochranelibrary.com/cdsr/doi/10.1002/14651858.CD013468.pub2/full
CD013474_pub2_data,10,24,10.1002/14651858.CD013474.pub2,https://www.cochranelibrary.com/cdsr/doi/10.1002/14651858.CD013474.pub2/full
CD013476_pub2_data,5,14,10.1002/14651858.CD013476.pub2,https://www.cochranelibrary.com/cdsr/doi/10.1002/14651858.CD013476.pub2/full
CD013508_pub3_data,21,15,10.1002/14651858.CD013508.pub3,https://www.cochranelibrary.com/cdsr/doi/10.1002/14651858.CD013508.pub3/full
CD013539_pub2_data,55,26,10.1002/14651858.CD013539.pub2,https://www.cochranelibrary.com/cdsr/doi/10.1002/14651858.CD013539.pub2/full
CD013541_pub2_data,25,49,10.1002/14651858.CD013541.pub2,https://www.cochranelibrary.com/cdsr/doi/10.1002/14651858.CD013541.pub2/full
CD013561_pub2_data,8,9,10.1002/14651858.CD013561.pub2,https://www.cochranelibrary.com/cdsr/doi/10.1002/14651858.CD013561.pub2/full
CD013571_pub2_data,12,35,10.1002/14651858.CD013571.pub2,https://www.cochranelibrary.com/cdsr/doi/10.1002/14651858.CD013571.pub2/full
CD013590_pub2_data,22,63,10.1002/14651858.CD013590.pub2,https://www.cochranelibrary.com/cdsr/doi/10.1002/14651858.CD013590.pub2/full
CD013591_pub2_data,13,15,10.1002/14651858.CD013591.pub2,https://www.cochranelibrary.com/cdsr/doi/10.1002/14651858.CD013591.pub2/full
CD013595_pub2_data,3,24,10.1002/14651858.CD013595.pub2,https://www.cochranelibrary.com/cdsr/doi/10.1002/14651858.CD013595.pub2/full
CD013613_pub2_data,8,43,10.1002/14651858.CD013613.pub2,https://www.cochranelibrary.com/cdsr/doi/10.1002/14651858.CD013613.pub2/full
CD013614_pub2_data,24,165,10.1002/14651858.CD013614.pub2,https://www.cochranelibrary.com/cdsr/doi/10.1002/14651858.CD013614.pub2/full
CD013631_pub2_data,29,76,10.1002/14651858.CD013631.pub2,https://www.cochranelibrary.com/cdsr/doi/10.1002/14651858.CD013631.pub2/full
CD013643_pub2_data,9,17,10.1002/14651858.CD013643.pub2,https://www.cochranelibrary.com/cdsr/doi/10.1002/14651858.CD013643.pub2/full
CD013672_pub2_data,7,12,10.1002/14651858.CD013672.pub2,https://www.cochranelibrary.com/cdsr/doi/10.1002/14651858.CD013672.pub2/full
CD013707_pub2_data,9,18,10.1002/14651858.CD013707.pub2,https://www.cochranelibrary.com/cdsr/doi/10.1002/14651858.CD013707.pub2/full
CD013715_pub2_data,9,40,10.1002/14651858.CD013715.pub2,https://www.cochranelibrary.com/cdsr/doi/10.1002/14651858.CD013715.pub2/full
CD013719_pub2_data,23,36,10.1002/14651858.CD013719.pub2,https://www.cochranelibrary.com/cdsr/doi/10.1002/14651858.CD013719.pub2/full
CD013726_pub2_data,13,21,10.1002/14651858.CD013726.pub2,https://www.cochranelibrary.com/cdsr/doi/10.1002/14651858.CD013726.pub2/full
CD013729_pub2_data,5,22,10.1002/14651858.CD013729.pub2,https://www.cochranelibrary.com/cdsr/doi/10.1002/14651858.CD013729.pub2/full
CD013731_pub2_data,6,17,10.1002/14651858.CD013731.pub2,https://www.cochranelibrary.com/cdsr/doi/10.1002/14651858.CD013731.pub2/full
CD013745_pub2_data,4,40,10.1002/14651858.CD013745.pub2,https://www.cochranelibrary.com/cdsr/doi/10.1002/14651858.CD013745.pub2/full
CD013748_pub2_data,8,14,10.1002/14651858.CD013748.pub2,https://www.cochranelibrary.com/cdsr/doi/10.1002/14651858.CD013748.pub2/full
CD013757_pub3_data,6,10,10.1002/14651858.CD013757.pub3,https://www.cochranelibrary.com/cdsr/doi/10.1002/14651858.CD013757.pub3/full
CD013758_pub2_data,11,45,10.1002/14651858.CD013758.pub2,https://www.cochranelibrary.com/cdsr/doi/10.1002/14651858.CD013758.pub2/full
CD013763_pub3_data,64,73,10.1002/14651858.CD013763.pub3,https://www.cochranelibrary.com/cdsr/doi/10.1002/14651858.CD013763.pub3/full
CD013764_pub2_data,6,13,10.1002/14651858.CD013764.pub2,https://www.cochranelibrary.com/cdsr/doi/10.1002/14651858.CD013764.pub2/full
CD013773_pub2_data,5,3,10.1002/14651858.CD013773.pub2,https://www.cochranelibrary.com/cdsr/doi/10.1002/14651858.CD013773.pub2/full
CD013774_pub2_data,5,19,10.1002/14651858.CD013774.pub2,https://www.cochranelibrary.com/cdsr/doi/10.1002/14651858.CD013774.pub2/full
CD013781_pub2_data,29,107,10.1002/14651858.CD013781.pub2,https://www.cochranelibrary.com/cdsr/doi/10.1002/14651858.CD013781.pub2/full
CD013789_pub2_data,8,22,10.1002/14651858.CD013789.pub2,https://www.cochranelibrary.com/cdsr/doi/10.1002/14651858.CD013789.pub2/full
CD013800_pub2_data,55,19,10.1002/14651858.CD013800.pub2,https://www.cochranelibrary.com/cdsr/doi/10.1002/14651858.CD013800.pub2/full
CD013801_pub2_data,11,31,10.1002/14651858.CD013801.pub2,https://www.cochranelibrary.com/cdsr/doi/10.1002/14651858.CD013801.pub2/full
CD013810_pub2_data,3,28,10.1002/14651858.CD013810.pub2,https://www.cochranelibrary.com/cdsr/doi/10.1002/14651858.CD013810.pub2/full
CD013816_pub2_data,9,35,10.1002/14651858.CD013816.pub2,https://www.cochranelibrary.com/cdsr/doi/10.1002/14651858.CD013816.pub2/full
CD013821_pub2_data,35,11,10.1002/14651858.CD013821.pub2,https://www.cochranelibrary.com/cdsr/doi/10.1002/14651858.CD013821.pub2/full
CD013822_pub2_data,14,19,10.1002/14651858.CD013822.pub2,https://www.cochranelibrary.com/cdsr/doi/10.1002/14651858.CD013822.pub2/full
CD013823_pub2_data,4,12,10.1002/14651858.CD013823.pub2,https://www.cochranelibrary.com/cdsr/doi/10.1002/14651858.CD013823.pub2/full
CD013827_pub2_data,13,39,10.1002/14651858.CD013827.pub2,https://www.cochranelibrary.com/cdsr/doi/10.1002/14651858.CD013827.pub2/full
CD013830_pub2_data,18,67,10.1002/14651858.CD013830.pub2,https://www.cochranelibrary.com/cdsr/doi/10.1002/14651858.CD013830.pub2/full
CD013834_pub2_data,21,24,10.1002/14651858.CD013834.pub2,https://www.cochranelibrary.com/cdsr/doi/10.1002/14651858.CD013834.pub2/full
CD013835_pub2_data,3,2,10.1002/14651858.CD013835.pub2,https://www.cochranelibrary.com/cdsr/doi/10.1002/14651858.CD013835.pub2/full
CD013844_pub2_data,33,29,10.1002/14651858.CD013844.pub2,https://www.cochranelibrary.com/cdsr/doi/10.1002/14651858.CD013844.pub2/full
CD013853_pub2_data,11,22,10.1002/14651858.CD013853.pub2,https://www.cochranelibrary.com/cdsr/doi/10.1002/14651858.CD013853.pub2/full
CD013857_pub2_data,1,3,10.1002/14651858.CD013857.pub2,https://www.cochranelibrary.com/cdsr/doi/10.1002/14651858.CD013857.pub2/full
CD013874_pub3_data,24,74,10.1002/14651858.CD013874.pub3,https://www.cochranelibrary.com/cdsr/doi/10.1002/14651858.CD013874.pub3/full
CD013875_pub2_data,12,30,10.1002/14651858.CD013875.pub2,https://www.cochranelibrary.com/cdsr/doi/10.1002/14651858.CD013875.pub2/full
CD014040_pub2_data,13,13,10.1002/14651858.CD014040.pub2,https://www.cochranelibrary.com/cdsr/doi/10.1002/14651858.CD014040.pub2/full
CD014089_data,9,24,10.1002/14651858.CD014089,https://www.cochranelibrary.com/cdsr/doi/10.1002/14651858.CD014089/full
CD014145_pub2_data,7,12,10.1002/14651858.CD014145.pub2,https://www.cochranelibrary.com/cdsr/doi/10.1002/14651858.CD014145.pub2/full
CD014160_pub2_data,2,5,10.1002/14651858.CD014160.pub2,https://www.cochranelibrary.com/cdsr/doi/10.1002/14651858.CD014160.pub2/full
CD014300_pub2_data,13,14,10.1002/14651858.CD014300.pub2,https://www.cochranelibrary.com/cdsr/doi/10.1002/14651858.CD014300.pub2/full
CD014428_pub2_data,13,22,10.1002/14651858.CD014428.pub2,https://www.cochranelibrary.com/cdsr/doi/10.1002/14651858.CD014428.pub2/full
CD014497_pub2_data,1,2,10.1002/14651858.CD014497.pub2,https://www.cochranelibrary.com/cdsr/doi/10.1002/14651858.CD014497.pub2/full
CD014541_pub2_data,7,28,10.1002/14651858.CD014541.pub2,https://www.cochranelibrary.com/cdsr/doi/10.1002/14651858.CD014541.pub2/full
CD014544_pub2_data,6,37,10.1002/14651858.CD014544.pub2,https://www.cochranelibrary.com/cdsr/doi/10.1002/14651858.CD014544.pub2/full
CD014573_data,5,9,10.1002/14651858.CD014573,https://www.cochranelibrary.com/cdsr/doi/10.1002/14651858.CD014573/full
CD014574_pub2_data,2,38,10.1002/14651858.CD014574.pub2,https://www.cochranelibrary.com/cdsr/doi/10.1002/14651858.CD014574.pub2/full
CD014580_pub2_data,7,33,10.1002/14651858.CD014580.pub2,https://www.cochranelibrary.com/cdsr/doi/10.1002/14651858.CD014580.pub2/full
CD014585_pub2_data,12,15,10.1002/14651858.CD014585.pub2,https://www.cochranelibrary.com/cdsr/doi/10.1002/14651858.CD014585.pub2/full
CD014594_pub2_data,9,29,10.1002/14651858.CD014594.pub2,https://www.cochranelibrary.com/cdsr/doi/10.1002/14651858.CD014594.pub2/full
CD014617_pub3_data,4,7,10.1002/14651858.CD014617.pub3,https://www.cochranelibrary.com/cdsr/doi/10.1002/14651858.CD014617.pub3/full
CD014623_pub2_data,2,7,10.1002/14651858.CD014623.pub2,https://www.cochranelibrary.com/cdsr/doi/10.1002/14651858.CD014623.pub2/full
CD014624_pub2_data,6,20,10.1002/14651858.CD014624.pub2,https://www.cochranelibrary.com/cdsr/doi/10.1002/14651858.CD014624.pub2/full
CD014666_pub2_data,11,17,10.1002/14651858.CD014666.pub2,https://www.cochranelibrary.com/cdsr/doi/10.1002/14651858.CD014666.pub2/full
CD014678_pub2_data,6,102,10.1002/14651858.CD014678.pub2,https://www.cochranelibrary.com/cdsr/doi/10.1002/14651858.CD014678.pub2/full
CD014687_pub2_data,6,27,10.1002/14651858.CD014687.pub2,https://www.cochranelibrary.com/cdsr/doi/10.1002/14651858.CD014687.pub2/full
CD014688_pub2_data,6,5,10.1002/14651858.CD014688.pub2,https://www.cochranelibrary.com/cdsr/doi/10.1002/14651858.CD014688.pub2/full
CD014713_pub2_data,10,5,10.1002/14651858.CD014713.pub2,https://www.cochranelibrary.com/cdsr/doi/10.1002/14651858.CD014713.pub2/full
CD014722_pub2_data,97,94,10.1002/14651858.CD014722.pub2,https://www.cochranelibrary.com/cdsr/doi/10.1002/14651858.CD014722.pub2/full
CD014736_pub2_data,6,9,10.1002/14651858.CD014736.pub2,https://www.cochranelibrary.com/cdsr/doi/10.1002/14651858.CD014736.pub2/full
CD014741_pub2_data,57,45,10.1002/14651858.CD014741.pub2,https://www.cochranelibrary.com/cdsr/doi/10.1002/14651858.CD014741.pub2/full
CD014755_pub2_data,2,10,10.1002/14651858.CD014755.pub2,https://www.cochranelibrary.com/cdsr/doi/10.1002/14651858.CD014755.pub2/full
CD014758_pub3_data,77,39,10.1002/14651858.CD014758.pub3,https://www.cochranelibrary.com/cdsr/doi/10.1002/14651858.CD014758.pub3/full
CD014762_pub2_data,6,8,10.1002/14651858.CD014762.pub2,https://www.cochranelibrary.com/cdsr/doi/10.1002/14651858.CD014762.pub2/full
CD014763_pub2_data,9,17,10.1002/14651858.CD014763.pub2,https://www.cochranelibrary.com/cdsr/doi/10.1002/14651858.CD014763.pub2/full
CD014769_pub2_data,27,28,10.1002/14651858.CD014769.pub2,https://www.cochranelibrary.com/cdsr/doi/10.1002/14651858.CD014769.pub2/full
CD014785_pub2_data,4,8,10.1002/14651858.CD014785.pub2,https://www.cochranelibrary.com/cdsr/doi/10.1002/14651858.CD014785.pub2/full
CD014792_pub2_data,8,27,10.1002/14651858.CD014792.pub2,https://www.cochranelibrary.com/cdsr/doi/10.1002/14651858.CD014792.pub2/full
CD014802_pub2_data,2,13,10.1002/14651858.CD014802.pub2,https://www.cochranelibrary.com/cdsr/doi/10.1002/14651858.CD014802.pub2/full
CD014803_pub2_data,5,3,10.1002/14651858.CD014803.pub2,https://www.cochranelibrary.com/cdsr/doi/10.1002/14651858.CD014803.pub2/full
CD014811_pub2_data,7,10,10.1002/14651858.CD014811.pub2,https://www.cochranelibrary.com/cdsr/doi/10.1002/14651858.CD014811.pub2/full
CD014820_pub2_data,20,66,10.1002/14651858.CD014820.pub2,https://www.cochranelibrary.com/cdsr/doi/10.1002/14651858.CD014820.pub2/full
CD014833_pub2_data,10,16,10.1002/14651858.CD014833.pub2,https://www.cochranelibrary.com/cdsr/doi/10.1002/14651858.CD014833.pub2/full
CD014844_pub2_data,6,12,10.1002/14651858.CD014844.pub2,https://www.cochranelibrary.com/cdsr/doi/10.1002/14651858.CD014844.pub2/full
CD014845_pub2_data,17,14,10.1002/14651858.CD014845.pub2,https://www.cochranelibrary.com/cdsr/doi/10.1002/14651858.CD014845.pub2/full
CD014852_pub2_data,36,148,10.1002/14651858.CD014852.pub2,https://www.cochranelibrary.com/cdsr/doi/10.1002/14651858.CD014852.pub2/full
CD014855_pub2_data,8,16,10.1002/14651858.CD014855.pub2,https://www.cochranelibrary.com/cdsr/doi/10.1002/14651858.CD014855.pub2/full
CD014861_pub2_data,5,18,10.1002/14651858.CD014861.pub2,https://www.cochranelibrary.com/cdsr/doi/10.1002/14651858.CD014861.pub2/full
CD014869_pub2_data,10,7,10.1002/14651858.CD014869.pub2,https://www.cochranelibrary.com/cdsr/doi/10.1002/14651858.CD014869.pub2/full
CD014871_pub2_data,7,66,10.1002/14651858.CD014871.pub2,https://www.cochranelibrary.com/cdsr/doi/10.1002/14651858.CD014871.pub2/full
CD014872_pub2_data,35,42,10.1002/14651858.CD014872.pub2,https://www.cochranelibrary.com/cdsr/doi/10.1002/14651858.CD014872.pub2/full
CD014889_pub2_data,6,5,10.1002/14651858.CD014889.pub2,https://www.cochranelibrary.com/cdsr/doi/10.1002/14651858.CD014889.pub2/full
CD014891_pub2_data,5,18,10.1002/14651858.CD014891.pub2,https://www.cochranelibrary.com/cdsr/doi/10.1002/14651858.CD014891.pub2/full
CD014914_pub2_data,28,67,10.1002/14651858.CD014914.pub2,https://www.cochranelibrary.com/cdsr/doi/10.1002/14651858.CD014914.pub2/full
CD014920_pub2_data,2,6,10.1002/14651858.CD014920.pub2,https://www.cochranelibrary.com/cdsr/doi/10.1002/14651858.CD014920.pub2/full
CD014923_pub2_data,3,13,10.1002/14651858.CD014923.pub2,https://www.cochranelibrary.com/cdsr/doi/10.1002/14651858.CD014923.pub2/full
CD014932_pub2_data,17,21,10.1002/14651858.CD014932.pub2,https://www.cochranelibrary.com/cdsr/doi/10.1002/14651858.CD014932.pub2/full
CD014935_pub2_data,4,11,10.1002/14651858.CD014935.pub2,https://www.cochranelibrary.com/cdsr/doi/10.1002/14651858.CD014935.pub2/full
CD014937_pub2_data,60,30,10.1002/14651858.CD014937.pub2,https://www.cochranelibrary.com/cdsr/doi/10.1002/14651858.CD014937.pub2/full
CD014941_pub2_data,2,21,10.1002/14651858.CD014941.pub2,https://www.cochranelibrary.com/cdsr/doi/10.1002/14651858.CD014941.pub2/full
CD014944_pub2_data,4,10,10.1002/14651858.CD014944.pub2,https://www.cochranelibrary.com/cdsr/doi/10.1002/14651858.CD014944.pub2/full
CD014959_pub2_data,5,20,10.1002/14651858.CD014959.pub2,https://www.cochranelibrary.com/cdsr/doi/10.1002/14651858.CD014959.pub2/full
CD014960_pub2_data,6,12,10.1002/14651858.CD014960.pub2,https://www.cochranelibrary.com/cdsr/doi/10.1002/14651858.CD014960.pub2/full
CD014964_pub2_data,64,46,10.1002/14651858.CD014964.pub2,https://www.cochranelibrary.com/cdsr/doi/10.1002/14651858.CD014964.pub2/full
CD014965_pub2_data,17,63,10.1002/14651858.CD014965.pub2,https://www.cochranelibrary.com/cdsr/doi/10.1002/14651858.CD014965.pub2/full
CD014966_pub2_data,35,8,10.1002/14651858.CD014966.pub2,https://www.cochranelibrary.com/cdsr/doi/10.1002/14651858.CD014966.pub2/full
CD014967_pub2_data,18,70,10.1002/14651858.CD014967.pub2,https://www.cochranelibrary.com/cdsr/doi/10.1002/14651858.CD014967.pub2/full
CD014999_pub2_data,2,11,10.1002/14651858.CD014999.pub2,https://www.cochranelibrary.com/cdsr/doi/10.1002/14651858.CD014999.pub2/full
CD015003_pub2_data,12,9,10.1002/14651858.CD015003.pub2,https://www.cochranelibrary.com/cdsr/doi/10.1002/14651858.CD015003.pub2/full
CD015014_pub2_data,31,48,10.1002/14651858.CD015014.pub2,https://www.cochranelibrary.com/cdsr/doi/10.1002/14651858.CD015014.pub2/full
CD015033_pub2_data,15,36,10.1002/14651858.CD015033.pub2,https://www.cochranelibrary.com/cdsr/doi/10.1002/14651858.CD015033.pub2/full
CD015038_pub2_data,13,17,10.1002/14651858.CD015038.pub2,https://www.cochranelibrary.com/cdsr/doi/10.1002/14651858.CD015038.pub2/full
CD015040_pub2_data,6,12,10.1002/14651858.CD015040.pub2,https://www.cochranelibrary.com/cdsr/doi/10.1002/14651858.CD015040.pub2/full
CD015042_pub2_data,7,3,10.1002/14651858.CD015042.pub2,https://www.cochranelibrary.com/cdsr/doi/10.1002/14651858.CD015042.pub2/full
CD015046_pub2_data,4,20,10.1002/14651858.CD015046.pub2,https://www.cochranelibrary.com/cdsr/doi/10.1002/14651858.CD015046.pub2/full
CD015060_pub2_data,12,22,10.1002/14651858.CD015060.pub2,https://www.cochranelibrary.com/cdsr/doi/10.1002/14651858.CD015060.pub2/full
CD015064_pub2_data,11,5,10.1002/14651858.CD015064.pub2,https://www.cochranelibrary.com/cdsr/doi/10.1002/14651858.CD015064.pub2/full
CD015066_pub2_data,3,3,10.1002/14651858.CD015066.pub2,https://www.cochranelibrary.com/cdsr/doi/10.1002/14651858.CD015066.pub2/full
CD015083_pub2_data,55,95,10.1002/14651858.CD015083.pub2,https://www.cochranelibrary.com/cdsr/doi/10.1002/14651858.CD015083.pub2/full
CD015084_pub2_data,7,30,10.1002/14651858.CD015084.pub2,https://www.cochranelibrary.com/cdsr/doi/10.1002/14651858.CD015084.pub2/full
CD015087_pub2_data,26,57,10.1002/14651858.CD015087.pub2,https://www.cochranelibrary.com/cdsr/doi/10.1002/14651858.CD015087.pub2/full
CD015101_data,5,11,10.1002/14651858.CD015101,https://www.cochranelibrary.com/cdsr/doi/10.1002/14651858.CD015101/full
CD015112_pub3_data,1,3,10.1002/14651858.CD015112.pub3,https://www.cochranelibrary.com/cdsr/doi/10.1002/14651858.CD015112.pub3/full
CD015120_pub2_data,46,36,10.1002/14651858.CD015120.pub2,https://www.cochranelibrary.com/cdsr/doi/10.1002/14651858.CD015120.pub2/full
CD015122_pub2_data,11,33,10.1002/14651858.CD015122.pub2,https://www.cochranelibrary.com/cdsr/doi/10.1002/14651858.CD015122.pub2/full
CD015123_pub2_data,5,25,10.1002/14651858.CD015123.pub2,https://www.cochranelibrary.com/cdsr/doi/10.1002/14651858.CD015123.pub2/full
CD015124_pub2_data,7,5,10.1002/14651858.CD015124.pub2,https://www.cochranelibrary.com/cdsr/doi/10.1002/14651858.CD015124.pub2/full
CD015134_pub2_data,6,7,10.1002/14651858.CD015134.pub2,https://www.cochranelibrary.com/cdsr/doi/10.1002/14651858.CD015134.pub2/full
CD015140_pub2_data,9,32,10.1002/14651858.CD015140.pub2,https://www.cochranelibrary.com/cdsr/doi/10.1002/14651858.CD015140.pub2/full
CD015145_pub2_data,20,49,10.1002/14651858.CD015145.pub2,https://www.cochranelibrary.com/cdsr/doi/10.1002/14651858.CD015145.pub2/full
CD015158_pub2_data,2,28,10.1002/14651858.CD015158.pub2,https://www.cochranelibrary.com/cdsr/doi/10.1002/14651858.CD015158.pub2/full
CD015160_pub2_data,10,15,10.1002/14651858.CD015160.pub2,https://www.cochranelibrary.com/cdsr/doi/10.1002/14651858.CD015160.pub2/full
CD015192_pub2_data,20,40,10.1002/14651858.CD015192.pub2,https://www.cochranelibrary.com/cdsr/doi/10.1002/14651858.CD015192.pub2/full
CD015213_pub2_data,33,67,10.1002/14651858.CD015213.pub2,https://www.cochranelibrary.com/cdsr/doi/10.1002/14651858.CD015213.pub2/full
CD015215_pub2_data,18,140,10.1002/14651858.CD015215.pub2,https://www.cochranelibrary.com/cdsr/doi/10.1002/14651858.CD015215.pub2/full
CD015219_pub2_data,24,38,10.1002/14651858.CD015219.pub2,https://www.cochranelibrary.com/cdsr/doi/10.1002/14651858.CD015219.pub2/full
CD015229_pub2_data,14,14,10.1002/14651858.CD015229.pub2,https://www.cochranelibrary.com/cdsr/doi/10.1002/14651858.CD015229.pub2/full
CD015252_pub2_data,9,24,10.1002/14651858.CD015252.pub2,https://www.cochranelibrary.com/cdsr/doi/10.1002/14651858.CD015252.pub2/full
CD015254_pub2_data,17,20,10.1002/14651858.CD015254.pub2,https://www.cochranelibrary.com/cdsr/doi/10.1002/14651858.CD015254.pub2/full
CD015255_pub2_data,23,49,10.1002/14651858.CD015255.pub2,https://www.cochranelibrary.com/cdsr/doi/10.1002/14651858.CD015255.pub2/full
CD015284_pub2_data,29,82,10.1002/14651858.CD015284.pub2,https://www.cochranelibrary.com/cdsr/doi/10.1002/14651858.CD015284.pub2/full
CD015313_pub2_data,1,3,10.1002/14651858.CD015313.pub2,https://www.cochranelibrary.com/cdsr/doi/10.1002/14651858.CD015313.pub2/full
CD015314_pub2_data,38,8,10.1002/14651858.CD015314.pub2,https://www.cochranelibrary.com/cdsr/doi/10.1002/14651858.CD015314.pub2/full
CD015326_pub2_data,56,66,10.1002/14651858.CD015326.pub2,https://www.cochranelibrary.com/cdsr/doi/10.1002/14651858.CD015326.pub2/full
CD015328_pub2_data,149,43,10.1002/14651858.CD015328.pub2,https://www.cochranelibrary.com/cdsr/doi/10.1002/14651858.CD015328.pub2/full
CD015330_pub2_data,54,26,10.1002/14651858.CD015330.pub2,https://www.cochranelibrary.com/cdsr/doi/10.1002/14651858.CD015330.pub2/full
CD015331_pub2_data,26,85,10.1002/14651858.CD015331.pub2,https://www.cochranelibrary.com/cdsr/doi/10.1002/14651858.CD015331.pub2/full
CD015332_pub2_data,4,82,10.1002/14651858.CD015332.pub2,https://www.cochranelibrary.com/cdsr/doi/10.1002/14651858.CD015332.pub2/full
CD015350_pub2_data,19,20,10.1002/14651858.CD015350.pub2,https://www.cochranelibrary.com/cdsr/doi/10.1002/14651858.CD015350.pub2/full
CD015373_pub2_data,28,95,10.1002/14651858.CD015373.pub2,https://www.cochranelibrary.com/cdsr/doi/10.1002/14651858.CD015373.pub2/full
CD015383_pub2_data,6,7,10.1002/14651858.CD015383.pub2,https://www.cochranelibrary.com/cdsr/doi/10.1002/14651858.CD015383.pub2/full
CD015387_pub2_data,25,25,10.1002/14651858.CD015387.pub2,https://www.cochranelibrary.com/cdsr/doi/10.1002/14651858.CD015387.pub2/full
CD015395_pub3_data,2,12,10.1002/14651858.CD015395.pub3,https://www.cochranelibrary.com/cdsr/doi/10.1002/14651858.CD015395.pub3/full
CD015432_pub2_data,35,46,10.1002/14651858.CD015432.pub2,https://www.cochranelibrary.com/cdsr/doi/10.1002/14651858.CD015432.pub2/full
CD015443_pub2_data,22,17,10.1002/14651858.CD015443.pub2,https://www.cochranelibrary.com/cdsr/doi/10.1002/14651858.CD015443.pub2/full
CD015448_pub2_data,13,23,10.1002/14651858.CD015448.pub2,https://www.cochranelibrary.com/cdsr/doi/10.1002/14651858.CD015448.pub2/full
CD015462_pub2_data,13,18,10.1002/14651858.CD015462.pub2,https://www.cochranelibrary.com/cdsr/doi/10.1002/14651858.CD015462.pub2/full
CD015476_pub2_data,15,21,10.1002/14651858.CD015476.pub2,https://www.cochranelibrary.com/cdsr/doi/10.1002/14651858.CD015476.pub2/full
CD015495_data,17,10,10.1002/14651858.CD015495,https://www.cochranelibrary.com/cdsr/doi/10.1002/14651858.CD015495/full
CD015514_pub2_data,3,8,10.1002/14651858.CD015514.pub2,https://www.cochranelibrary.com/cdsr/doi/10.1002/14651858.CD015514.pub2/full
CD015517_data,16,52,10.1002/14651858.CD015517,https://www.cochranelibrary.com/cdsr/doi/10.1002/14651858.CD015517/full
CD015518_data,18,37,10.1002/14651858.CD015518,https://www.cochranelibrary.com/cdsr/doi/10.1002/14651858.CD015518/full
CD015519_pub2_data,5,17,10.1002/14651858.CD015519.pub2,https://www.cochranelibrary.com/cdsr/doi/10.1002/14651858.CD015519.pub2/full
CD015520_data,12,36,10.1002/14651858.CD015520,https://www.cochranelibrary.com/cdsr/doi/10.1002/14651858.CD015520/full
CD015524_pub2_data,17,107,10.1002/14651858.CD015524.pub2,https://www.cochranelibrary.com/cdsr/doi/10.1002/14651858.CD015524.pub2/full
CD015526_pub2_data,2,8,10.1002/14651858.CD015526.pub2,https://www.cochranelibrary.com/cdsr/doi/10.1002/14651858.CD015526.pub2/full
CD015530_pub2_data,5,15,10.1002/14651858.CD015530.pub2,https://www.cochranelibrary.com/cdsr/doi/10.1002/14651858.CD015530.pub2/full
CD015532_data,23,56,10.1002/14651858.CD015532,https://www.cochranelibrary.com/cdsr/doi/10.1002/14651858.CD015532/full
CD015536_pub2_data,20,24,10.1002/14651858.CD015536.pub2,https://www.cochranelibrary.com/cdsr/doi/10.1002/14651858.CD015536.pub2/full
CD015551_pub2_data,9,18,10.1002/14651858.CD015551.pub2,https://www.cochranelibrary.com/cdsr/doi/10.1002/14651858.CD015551.pub2/full
CD015573_data,3,5,10.1002/14651858.CD015573,https://www.cochranelibrary.com/cdsr/doi/10.1002/14651858.CD015573/full
CD015584_pub2_data,14,19,10.1002/14651858.CD015584.pub2,https://www.cochranelibrary.com/cdsr/doi/10.1002/14651858.CD015584.pub2/full
CD015588_pub2_data,32,83,10.1002/14651858.CD015588.pub2,https://www.cochranelibrary.com/cdsr/doi/10.1002/14651858.CD015588.pub2/full
CD015592_pub3_data,5,6,10.1002/14651858.CD015592.pub3,https://www.cochranelibrary.com/cdsr/doi/10.1002/14651858.CD015592.pub3/full
CD015594_pub2_data,3,3,10.1002/14651858.CD015594.pub2,https://www.cochranelibrary.com/cdsr/doi/10.1002/14651858.CD015594.pub2/full
CD015636_pub2_data,1,3,10.1002/14651858.CD015636.pub2,https://www.cochranelibrary.com/cdsr/doi/10.1002/14651858.CD015636.pub2/full
CD015673_pub2_data,19,21,10.1002/14651858.CD015673.pub2,https://www.cochranelibrary.com/cdsr/doi/10.1002/14651858.CD015673.pub2/full
CD015698_pub2_data,9,12,10.1002/14651858.CD015698.pub2,https://www.cochranelibrary.com/cdsr/doi/10.1002/14651858.CD015698.pub2/full
CD015701_pub2_data,3,16,10.1002/14651858.CD015701.pub2,https://www.cochranelibrary.com/cdsr/doi/10.1002/14651858.CD015701.pub2/full
CD015711_pub2_data,3,13,10.1002/14651858.CD015711.pub2,https://www.cochranelibrary.com/cdsr/doi/10.1002/14651858.CD015711.pub2/full
CD015721_pub2_data,6,7,10.1002/14651858.CD015721.pub2,https://www.cochranelibrary.com/cdsr/doi/10.1002/14651858.CD015721.pub2/full
CD015746_pub2_data,15,24,10.1002/14651858.CD015746.pub2,https://www.cochranelibrary.com/cdsr/doi/10.1002/14651858.CD015746.pub2/full
CD015749_pub2_data,7,21,10.1002/14651858.CD015749.pub2,https://www.cochranelibrary.com/cdsr/doi/10.1002/14651858.CD015749.pub2/full
CD015751_pub2_data,7,9,10.1002/14651858.CD015751.pub2,https://www.cochranelibrary.com/cdsr/doi/10.1002/14651858.CD015751.pub2/full
CD015779_data,11,15,10.1002/14651858.CD015779,https://www.cochranelibrary.com/cdsr/doi/10.1002/14651858.CD015779/full
CD015786_pub2_data,5,13,10.1002/14651858.CD015786.pub2,https://www.cochranelibrary.com/cdsr/doi/10.1002/14651858.CD015786.pub2/full
CD015788_pub2_data,13,5,10.1002/14651858.CD015788.pub2,https://www.cochranelibrary.com/cdsr/doi/10.1002/14651858.CD015788.pub2/full
CD015790_pub2_data,17,13,10.1002/14651858.CD015790.pub2,https://www.cochranelibrary.com/cdsr/doi/10.1002/14651858.CD015790.pub2/full
CD015802_pub2_data,3,5,10.1002/14651858.CD015802.pub2,https://www.cochranelibrary.com/cdsr/doi/10.1002/14651858.CD015802.pub2/full
CD015804_pub2_data,9,12,10.1002/14651858.CD015804.pub2,https://www.cochranelibrary.com/cdsr/doi/10.1002/14651858.CD015804.pub2/full
CD015820_pub2_data,13,21,10.1002/14651858.CD015820.pub2,https://www.cochranelibrary.com/cdsr/doi/10.1002/14651858.CD015820.pub2/full
CD015824_pub2_data,9,27,10.1002/14651858.CD015824.pub2,https://www.cochranelibrary.com/cdsr/doi/10.1002/14651858.CD015824.pub2/full
CD015830_pub2_data,4,4,10.1002/14651858.CD015830.pub2,https://www.cochranelibrary.com/cdsr/doi/10.1002/14651858.CD015830.pub2/full
CD015849_pub2_data,28,144,10.1002/14651858.CD015849.pub2,https://www.cochranelibrary.com/cdsr/doi/10.1002/14651858.CD015849.pub2/full
CD015854_data,16,47,10.1002/14651858.CD015854,https://www.cochranelibrary.com/cdsr/doi/10.1002/14651858.CD015854/full
CD015855_data,13,51,10.1002/14651858.CD015855,https://www.cochranelibrary.com/cdsr/doi/10.1002/14651858.CD015855/full
CD015875_data,17,160,10.1002/14651858.CD015875,https://www.cochranelibrary.com/cdsr/doi/10.1002/14651858.CD015875/full
CD015877_data,2,7,10.1002/14651858.CD015877,https://www.cochranelibrary.com/cdsr/doi/10.1002/14651858.CD015877/full
CD015894_pub2_data,10,9,10.1002/14651858.CD015894.pub2,https://www.cochranelibrary.com/cdsr/doi/10.1002/14651858.CD015894.pub2/full
CD015932_pub2_data,21,38,10.1002/14651858.CD015932.pub2,https://www.cochranelibrary.com/cdsr/doi/10.1002/14651858.CD015932.pub2/full
CD015968_data,10,32,10.1002/14651858.CD015968,https://www.cochranelibrary.com/cdsr/doi/10.1002/14651858.CD015968/full
CD016001_data,26,32,10.1002/14651858.CD016001,https://www.cochranelibrary.com/cdsr/doi/10.1002/14651858.CD016001/full
CD016002_data,30,45,10.1002/14651858.CD016002,https://www.cochranelibrary.com/cdsr/doi/10.1002/14651858.CD016002/full
CD016031_data,24,58,10.1002/14651858.CD016031,https://www.cochranelibrary.com/cdsr/doi/10.1002/14651858.CD016031/full
CD016058_pub2_data,9,44,10.1002/14651858.CD016058.pub2,https://www.cochranelibrary.com/cdsr/doi/10.1002/14651858.CD016058.pub2/full
CD016064_data,82,83,10.1002/14651858.CD016064,https://www.cochranelibrary.com/cdsr/doi/10.1002/14651858.CD016064/full
CD016119_data,23,20,10.1002/14651858.CD016119,https://www.cochranelibrary.com/cdsr/doi/10.1002/14651858.CD016119/full
CD016120_data,6,23,10.1002/14651858.CD016120,https://www.cochranelibrary.com/cdsr/doi/10.1002/14651858.CD016120/full
CD016131_data,14,27,10.1002/14651858.CD016131,https://www.cochranelibrary.com/cdsr/doi/10.1002/14651858.CD016131/full
CD016136_data,30,8,10.1002/14651858.CD016136,https://www.cochranelibrary.com/cdsr/doi/10.1002/14651858.CD016136/full
CD016147_data,5,22,10.1002/14651858.CD016147,https://www.cochranelibrary.com/cdsr/doi/10.1002/14651858.CD016147/full
CD016148_data,17,39,10.1002/14651858.CD016148,https://www.cochranelibrary.com/cdsr/doi/10.1002/14651858.CD016148/full
CD016168_data,7,42,10.1002/14651858.CD016168,https://www.cochranelibrary.com/cdsr/doi/10.1002/14651858.CD016168/full
CD016211_data,4,20,10.1002/14651858.CD016211,https://www.cochranelibrary.com/cdsr/doi/10.1002/14651858.CD016211/full
CD016278_data,6,18,10.1002/14651858.CD016278,https://www.cochranelibrary.com/cdsr/doi/10.1002/14651858.CD016278/full
